Time_s,Height_m,Velocity_ms,Theta_rad,Omega_drum_rads,Omega_motor_rads,Current_A,Voltage_V,P_mech_W,P_elec_W,Efficiency_pct,E_elec_cum_J,E_loss_mech_cum_J,E_loss_elec_cum_J
0,12,0,0,0,0,0,0,0,0,62,0,0,0
0.00785953,11.9945,0.0265007,0.00173569,0.441679,1.98755,0.530014,0.0795021,3.89958,2.42747,62.2495,0.00953939,0.0027584,0.000763151
0.0157191,11.9861,0.0530263,0.00694441,0.883772,3.97698,1.06053,0.159079,7.80283,4.87639,62.4952,0.0382419,0.0110362,0.00305935
0.0235786,11.9759,0.079577,0.0156294,1.32628,5.96827,1.59154,0.238731,11.7098,7.34635,62.737,0.0862744,0.0248386,0.00690195
0.0314381,11.9645,0.106153,0.027794,1.76921,7.96146,2.12306,0.318458,15.6204,9.83694,62.975,0.153801,0.0441707,0.0123041
0.0392977,11.9521,0.132754,0.0434414,2.21256,9.95653,2.65508,0.398261,19.5347,12.3478,63.2094,0.240981,0.069038,0.0192785
0.0471572,11.9387,0.15938,0.0625751,2.65634,11.9535,3.1876,0.47814,23.4528,14.8785,63.4401,0.347974,0.0994455,0.0278379
0.0550167,11.9245,0.186032,0.0851982,3.10053,13.9524,3.72064,0.558096,27.3746,17.4286,63.6671,0.474933,0.135399,0.0379947
0.0628763,11.9096,0.212709,0.111314,3.54516,15.9532,4.25419,0.638128,31.3002,19.9979,63.8907,0.622011,0.176903,0.0497609
0.0707358,11.894,0.239412,0.140926,3.99021,17.9559,4.78825,0.718237,35.2295,22.5859,64.1107,0.789355,0.223963,0.0631484
0.0785953,11.8778,0.266141,0.174038,4.43569,19.9606,5.32282,0.798424,39.1627,25.1923,64.3273,0.977112,0.276585,0.078169
0.0864548,11.861,0.292896,0.210653,4.8816,21.9672,5.85792,0.878688,43.0996,27.8168,64.5406,1.18543,0.334774,0.0948341
0.0943144,11.8437,0.319677,0.250774,5.32795,23.9758,6.39354,0.95903,47.0404,30.4589,64.7505,1.41444,0.398535,0.113155
0.102174,11.8259,0.346484,0.294405,5.77473,25.9863,6.92967,1.03945,50.9851,33.1185,64.9571,1.66428,0.467874,0.133142
0.110033,11.8076,0.373317,0.341549,6.22195,27.9988,7.46634,1.11995,54.9336,35.795,65.1606,1.93509,0.542797,0.154807
0.117893,11.7888,0.400176,0.39221,6.66961,30.0132,8.00353,1.20053,58.886,38.4883,65.3608,2.22701,0.623308,0.178161
0.125753,11.7695,0.427063,0.446391,7.11771,32.0297,8.54125,1.28119,62.8423,41.1981,65.5579,2.54016,0.709413,0.203213
0.133612,11.7499,0.453975,0.504095,7.56625,34.0481,9.0795,1.36193,66.8025,43.9239,65.752,2.87467,0.801118,0.229973
0.141472,11.7298,0.480915,0.565327,8.01524,36.0686,9.61829,1.44274,70.7666,46.6656,65.943,3.23066,0.898429,0.258453
0.149331,11.7094,0.507881,0.630089,8.46468,38.0911,10.1576,1.52364,74.7347,49.4228,66.131,3.60827,1.00135,0.288662
0.157191,11.6885,0.534874,0.698386,8.91457,40.1156,10.6975,1.60462,78.7067,52.1953,66.3162,4.0076,1.10989,0.320608
0.16505,11.6673,0.561894,0.77022,9.36491,42.1421,11.2379,1.68568,82.6828,54.9827,66.4984,4.42879,1.22405,0.354303
0.17291,11.6458,0.588942,0.845595,9.8157,44.1707,11.7788,1.76683,86.6628,57.7848,66.6778,4.87194,1.34384,0.389755
0.180769,11.6239,0.616017,0.924515,10.2669,46.2013,12.3203,1.84805,90.6469,60.6014,66.8543,5.33717,1.46926,0.426974
0.188629,11.6016,0.643119,1.00698,10.7187,48.234,12.8624,1.92936,94.635,63.4321,67.0282,5.82459,1.60032,0.465967
0.196488,11.579,0.670249,1.093,11.1708,50.2687,13.405,2.01075,98.6272,66.2768,67.1993,6.33432,1.73702,0.506745
0.204348,11.5561,0.697407,1.18258,11.6235,52.3055,13.9481,2.09222,102.623,69.1351,67.3677,6.86645,1.87938,0.549316
0.212207,11.5329,0.724593,1.27572,12.0765,54.3445,14.4919,2.17378,106.624,72.0069,67.5336,7.42111,2.02739,0.593689
0.220067,11.5094,0.751806,1.37241,12.5301,56.3855,15.0361,2.25542,110.628,74.8918,67.6968,7.99839,2.18107,0.639871
0.227926,11.4856,0.779048,1.47268,12.9841,58.4286,15.581,2.33714,114.637,77.7897,67.8575,8.59839,2.34041,0.687871
0.235786,11.4616,0.806318,1.57651,13.4386,60.4739,16.1264,2.41895,118.65,80.7004,68.0157,9.22122,2.50543,0.737697
0.243645,11.4372,0.833617,1.68392,13.8936,62.5212,16.6723,2.50085,122.667,83.6236,68.1714,9.86697,2.67613,0.789358
0.251505,11.4125,0.860944,1.79491,14.3491,64.5708,17.2189,2.58283,126.688,86.5591,68.3247,10.5358,2.85251,0.84286
0.259365,11.3876,0.888299,1.90948,14.805,66.6224,17.766,2.6649,130.713,89.5066,68.4756,11.2276,3.03458,0.898212
0.267224,11.3624,0.915684,2.02763,15.2614,68.6763,18.3137,2.74705,134.743,92.4661,68.6241,11.9428,3.22236,0.955421
0.275084,11.337,0.943097,2.14938,15.7183,70.7323,18.8619,2.82929,138.777,95.4372,68.7703,12.6812,3.41583,1.01449
0.282943,11.3113,0.97054,2.27471,16.1757,72.7905,19.4108,2.91162,142.815,98.4199,68.9143,13.443,3.61502,1.07544
0.290803,11.2853,0.998011,2.40364,16.6335,74.8508,19.9602,2.99403,146.857,101.414,69.056,14.2283,3.81992,1.13826
0.298662,11.2591,1.02551,2.53618,17.0919,76.9134,20.5102,3.07654,150.904,104.419,69.1955,15.0372,4.03054,1.20297
0.306522,11.2327,1.05304,2.67231,17.5507,78.9782,21.0609,3.15913,154.955,107.435,69.3328,15.8697,4.2469,1.26958
0.314381,11.206,1.0806,2.81206,18.0101,81.0452,21.6121,3.24181,159.011,110.462,69.468,16.726,4.46898,1.33808
0.322241,11.1791,1.10819,2.95542,18.4699,83.1145,22.1639,3.32458,163.071,113.499,69.601,17.6061,4.69681,1.40849
0.3301,11.152,1.13581,3.10239,18.9302,85.186,22.7163,3.40744,167.135,116.547,69.732,18.5101,4.93038,1.48081
0.33796,11.1246,1.16346,3.25299,19.3911,87.2598,23.2693,3.49039,171.204,119.605,69.861,19.4381,5.16971,1.55505
0.345819,11.097,1.19114,3.4072,19.8524,89.3358,23.8229,3.57343,175.277,122.673,69.9879,20.3902,5.41479,1.63122
0.353679,11.0692,1.21885,3.56505,20.3142,91.4141,24.3771,3.65656,179.354,125.751,70.1129,21.3665,5.66565,1.70932
0.361538,11.0412,1.2466,3.72653,20.7766,93.4947,24.9319,3.73979,183.437,128.838,70.2359,22.3669,5.92227,1.78936
0.369398,11.0129,1.27437,3.89164,21.2395,95.5776,25.4874,3.8231,187.523,131.936,70.357,23.3917,6.18467,1.87134
0.377258,10.9845,1.30217,4.06039,21.7029,97.6628,26.0434,3.90651,191.615,135.043,70.4762,24.4409,6.45286,1.95527
0.385117,10.9558,1.33001,4.23279,22.1668,99.7504,26.6001,3.99002,195.71,138.159,70.5935,25.5145,6.72683,2.04116
0.392977,10.9269,1.35787,4.40883,22.6312,101.84,27.1574,4.07361,199.811,141.284,70.709,26.6127,7.00661,2.12901
0.400836,10.8978,1.38577,4.58853,23.0961,103.933,27.7153,4.1573,203.916,144.419,70.8227,27.7354,7.29219,2.21883
0.408696,10.8686,1.4137,4.77189,23.5616,106.027,28.2739,4.24109,208.025,147.562,70.9347,28.8828,7.58358,2.31063
0.416555,10.8391,1.44165,4.9589,24.0276,108.124,28.8331,4.32496,212.14,150.714,71.0449,30.055,7.88078,2.4044
0.424415,10.8094,1.46965,5.14958,24.4941,110.223,29.3929,4.40894,216.258,153.875,71.1534,31.2519,8.18381,2.50015
0.432274,10.7796,1.49767,5.34393,24.9612,112.325,29.9534,4.49301,220.382,157.045,71.2601,32.4738,8.49268,2.5979
0.440134,10.7495,1.52573,5.54195,25.4288,114.429,30.5145,4.57718,224.511,160.223,71.3652,33.7206,8.80737,2.69765
0.447993,10.7193,1.55381,5.74365,25.8969,116.536,31.0763,4.66144,228.644,163.409,71.4687,34.9924,9.12792,2.79939
0.455853,10.6888,1.58193,5.94902,26.3656,118.645,31.6387,4.7458,232.782,166.603,71.5706,36.2892,9.45431,2.90314
0.463712,10.6582,1.61009,6.15809,26.8348,120.757,32.2018,4.83026,236.924,169.806,71.6709,37.6112,9.78656,3.0089
0.471572,10.6274,1.63827,6.37085,27.3046,122.871,32.7655,4.91482,241.072,173.016,71.7696,38.9584,10.1247,3.11668
0.479431,10.5965,1.66649,6.58729,27.7749,124.987,33.3299,4.99948,245.225,176.235,71.8667,40.3309,10.4687,3.22647
0.487291,10.5653,1.69475,6.80744,28.2458,127.106,33.8949,5.08424,249.382,179.461,71.9624,41.7287,10.8185,3.3383
0.495151,10.534,1.72303,7.03129,28.7172,129.227,34.4606,5.1691,253.544,182.695,72.0566,43.1519,11.1743,3.45215
0.50301,10.5025,1.75135,7.25885,29.1892,131.351,35.027,5.25405,257.711,185.937,72.1493,44.6006,11.5359,3.56804
0.51087,10.4708,1.7797,7.49012,29.6617,133.478,35.5941,5.33911,261.883,189.186,72.2405,46.0747,11.9035,3.68598
0.518729,10.439,1.80809,7.72511,30.1349,135.607,36.1618,5.42427,266.061,192.443,72.3303,47.5744,12.2769,3.80595
0.526589,10.407,1.83651,7.96382,30.6085,137.738,36.7303,5.50954,270.243,195.707,72.4188,49.0997,12.6563,3.92798
0.534448,10.3748,1.86497,8.20625,31.0828,139.873,37.2994,5.59491,274.43,198.978,72.5058,50.6508,13.0415,4.05206
0.542308,10.3424,1.89346,8.45241,31.5576,142.009,37.8692,5.68038,278.622,202.256,72.5915,52.2275,13.4327,4.1782
0.550167,10.3099,1.92198,8.70231,32.0331,144.149,38.4397,5.76595,282.82,205.542,72.6758,53.8301,13.8299,4.30641
0.558027,10.2772,1.95054,8.95594,32.5091,146.291,39.0109,5.85163,287.022,208.834,72.7589,55.4585,14.233,4.43668
0.565886,10.2444,1.97914,9.21332,32.9856,148.435,39.5828,5.93741,291.23,212.134,72.8406,57.1128,14.642,4.56902
0.573746,10.2114,2.00777,9.47445,33.4628,150.583,40.1554,6.0233,295.443,215.44,72.9211,58.793,15.057,4.70344
0.581605,10.1783,2.03643,9.73933,33.9406,152.733,40.7287,6.1093,299.661,218.754,73.0003,60.4993,15.4779,4.83995
0.589465,10.1449,2.06513,10.008,34.4189,154.885,41.3027,6.1954,303.885,222.074,73.0783,62.2317,15.9049,4.97853
0.597324,10.1115,2.09387,10.2804,34.8979,157.04,41.8774,6.28162,308.113,225.4,73.155,63.9901,16.3378,5.11921
0.605184,10.0778,2.12265,10.5565,35.3774,159.198,42.4529,6.36794,312.347,228.734,73.2306,65.7748,16.7766,5.26198
0.613043,10.0441,2.15145,10.8365,35.8576,161.359,43.0291,6.45436,316.587,232.074,73.305,67.5856,17.2215,5.40685
0.620903,10.0101,2.1803,11.1202,36.3384,163.523,43.606,6.5409,320.831,235.42,73.3782,69.4228,17.6724,5.55382
0.628763,9.97606,2.20918,11.4077,36.8197,165.689,44.1837,6.62755,325.081,238.773,73.4503,71.2863,18.1293,5.7029
0.636622,9.94184,2.2381,11.699,37.3017,167.858,44.7621,6.71431,329.337,242.133,73.5212,73.1761,18.5922,5.85409
0.644482,9.90746,2.26706,11.994,37.7843,170.03,45.3412,6.80118,333.598,245.498,73.5911,75.0924,19.0611,6.00739
0.652341,9.87294,2.29606,12.2929,38.2676,172.204,45.9211,6.88817,337.865,248.871,73.6599,77.0351,19.5361,6.16281
0.660201,9.83827,2.32509,12.5956,38.7515,174.382,46.5017,6.97526,342.137,252.249,73.7276,79.0044,20.0171,6.32035
0.66806,9.80345,2.35416,12.902,39.2359,176.562,47.0831,7.06247,346.414,255.634,73.7942,81.0003,20.5042,6.48002
0.67592,9.76849,2.38326,13.2123,39.7211,178.745,47.6653,7.14979,350.697,259.024,73.8598,83.0228,20.9973,6.64182
0.683779,9.73339,2.41241,13.5264,40.2069,180.931,48.2482,7.23723,354.986,262.421,73.9244,85.0719,21.4964,6.80575
0.691639,9.69815,2.4416,13.8443,40.6933,183.12,48.8319,7.32479,359.281,265.824,73.9879,87.1478,22.0017,6.97182
0.699498,9.66277,2.47082,14.1661,41.1803,185.311,49.4164,7.41246,363.581,269.234,74.0505,89.2504,22.513,7.14004
0.707358,9.62725,2.50008,14.4916,41.668,187.506,50.0016,7.50024,367.887,272.649,74.1121,91.3799,23.0304,7.31039
0.715217,9.59159,2.52938,14.8211,42.1564,189.704,50.5877,7.58815,372.199,276.07,74.1727,93.5363,23.5539,7.4829
0.723077,9.55579,2.55872,15.1543,42.6454,191.904,51.1745,7.67617,376.516,279.497,74.2324,95.7195,24.0835,7.65756
0.730936,9.51985,2.58811,15.4914,43.1351,194.108,51.7621,7.76432,380.84,282.93,74.2912,97.9297,24.6193,7.83438
0.738796,9.48379,2.61753,15.8324,43.6254,196.314,52.3505,7.85258,385.169,286.369,74.349,100.167,25.1611,8.01335
0.746656,9.44758,2.64699,16.1772,44.1165,198.524,52.9397,7.94096,389.504,289.814,74.406,102.431,25.7091,8.1945
0.754515,9.41124,2.67649,16.5258,44.6081,200.737,53.5298,8.02947,393.845,293.265,74.462,104.723,26.2632,8.3778
0.762375,9.37477,2.70603,16.8784,45.1005,202.952,54.1206,8.11809,398.192,296.722,74.5172,107.041,26.8234,8.56329
0.770234,9.33817,2.73561,17.2348,45.5936,205.171,54.7123,8.20684,402.546,300.184,74.5715,109.387,27.3898,8.75094
0.778094,9.30144,2.76524,17.5951,46.0873,207.393,55,8.29572,406.905,303.653,74.625,111.76,27.9624,8.94078
0.785953,9.26457,2.7949,17.9592,46.5817,209.618,55,8.38471,411.27,307.127,74.6776,114.16,28.5411,9.13279
0.793813,9.22758,2.82461,18.3273,47.0769,211.846,55,8.47384,415.642,310.607,74.7294,116.587,29.1261,9.327
0.801672,9.19046,2.85436,18.6992,47.5727,214.077,55,8.56309,420.019,314.092,74.7804,119.042,29.7172,9.52339
0.809532,9.15321,2.88415,19.0751,48.0692,216.312,55,8.65246,424.403,317.584,74.8307,121.525,30.3145,9.72198
0.817391,9.11583,2.91399,19.4548,48.5665,218.549,55,8.74197,428.793,321.081,74.8801,124.035,30.918,9.92276
0.825251,9.07833,2.94387,19.8385,49.0644,220.79,55,8.8316,433.19,324.584,74.9287,126.572,31.5277,10.1257
0.83311,9.04071,2.97379,20.2261,49.5631,223.034,55,8.92136,437.593,328.092,74.9766,129.137,32.1437,10.3309
0.84097,9.00296,3.00375,20.6176,50.0625,225.281,55,9.01125,442.002,331.607,75.0238,131.729,32.7659,10.5383
0.848829,8.96508,3.03376,21.013,50.5626,227.532,55,9.10128,446.418,335.127,75.0702,134.349,33.3943,10.7479
0.856689,8.92708,3.06381,21.4124,51.0635,229.786,55,9.19143,450.84,338.652,75.1159,136.997,34.029,10.9598
0.864548,8.88896,3.09391,21.8157,51.5651,232.043,55,9.28172,455.268,342.184,75.1609,139.673,34.6699,11.1738
0.872408,8.85072,3.12405,22.2229,52.0675,234.304,55,9.37214,459.704,345.721,75.2052,142.376,35.3171,11.3901
0.880268,8.81236,3.15423,22.6341,52.5706,236.568,55,9.4627,464.145,349.264,75.2488,145.107,35.9706,11.6086
0.888127,8.77388,3.18446,23.0493,53.0744,238.835,55,9.55339,468.594,352.812,75.2917,147.866,36.6304,11.8293
0.895987,8.73527,3.21474,23.4684,53.579,241.106,55,9.64422,473.049,356.366,75.3339,150.653,37.2965,12.0522
0.903846,8.69655,3.24506,23.8915,54.0844,243.38,55,9.73519,477.511,359.926,75.3755,153.468,37.9689,12.2774
0.911706,8.65772,3.27543,24.3186,54.5905,245.657,55,9.8263,481.98,363.492,75.4164,156.311,38.6476,12.5049
0.919565,8.61876,3.30585,24.7496,55.0974,247.939,55,9.91754,486.455,367.063,75.4567,159.182,39.3326,12.7345
0.927425,8.57969,3.33631,25.1847,55.6051,250.223,55,10.0089,490.938,370.64,75.4964,162.081,40.024,12.9664
0.935284,8.5405,3.36682,25.6237,56.1136,252.511,55,10.1005,495.427,374.223,75.5354,165.008,40.7217,13.2006
0.943144,8.50119,3.39737,26.0667,56.6229,254.803,55,10.1921,499.924,377.812,75.5739,167.963,41.4258,13.437
0.951003,8.46178,3.42798,26.5138,57.133,257.098,55,10.2839,504.427,381.406,75.6117,170.947,42.1362,13.6757
0.958863,8.42224,3.45863,26.9648,57.6439,259.397,55,10.3759,508.938,385.006,75.6489,173.958,42.853,13.9167
0.966722,8.3826,3.48933,27.4199,58.1555,261.7,55,10.468,513.455,388.612,75.6856,176.999,43.5762,14.1599
0.974582,8.34284,3.52008,27.879,58.668,264.006,55,10.5602,517.98,392.223,75.7217,180.067,44.3058,14.4054
0.982441,8.30296,3.55088,28.3421,59.1814,266.316,55,10.6526,522.512,395.841,75.7572,183.164,45.0418,14.6531
0.990301,8.26298,3.58173,28.8092,59.6955,268.63,55,10.7452,527.052,399.464,75.7922,186.289,45.7842,14.9031
0.998161,8.22289,3.61263,29.2804,60.2105,270.947,55,10.8379,531.598,403.093,75.8267,189.443,46.5331,15.1555
1.00602,8.18268,3.64358,29.7557,60.7263,273.268,55,10.9307,536.153,406.728,75.8606,192.626,47.2884,15.41
1.01388,8.14236,3.67458,30.235,61.243,275.593,55,11.0237,540.714,410.369,75.8939,195.837,48.0501,15.6669
1.02174,8.10194,3.70563,30.7184,61.7605,277.922,55,11.1169,545.283,414.016,75.9268,199.076,48.8183,15.9261
1.0296,8.0614,3.73673,31.2058,62.2789,280.255,55,11.2102,549.86,417.669,75.9591,202.345,49.5929,16.1876
1.03746,8.02076,3.76789,31.6974,62.7981,282.591,55,11.3037,554.444,421.327,75.9909,205.642,50.3741,16.4513
1.04532,7.98001,3.79909,32.193,63.3182,284.932,55,11.3973,559.036,424.992,76.0223,208.967,51.1617,16.7174
1.05318,7.93915,3.83035,32.6927,63.8392,287.276,55,11.4911,563.636,428.663,76.0531,212.322,51.9558,16.9858
1.06104,7.89819,3.86166,33.1965,64.3611,289.625,55,11.585,568.244,432.34,76.0835,215.706,52.7565,17.2565
1.0689,7.85712,3.89303,33.7044,64.8838,291.977,55,11.6791,572.859,436.022,76.1134,219.118,53.5636,17.5294
1.07676,7.81594,3.92445,34.2164,65.4075,294.334,55,11.7733,577.483,439.711,76.1428,222.56,54.3773,17.8048
1.08462,7.77466,3.95592,34.7325,65.9321,296.694,55,11.8678,582.114,443.407,76.1718,226.03,55.1976,18.0824
1.09247,7.73327,3.98745,35.2528,66.4575,299.059,55,11.9624,586.754,447.108,76.2003,229.529,56.0244,18.3624
1.10033,7.69178,4.01904,35.7772,66.9839,301.428,55,12.0571,591.401,450.815,76.2283,233.058,56.8578,18.6446
1.10819,7.65018,4.05068,36.3057,67.5113,303.801,55,12.152,596.057,454.529,76.256,236.616,57.6977,18.9293
1.11605,7.60848,4.08237,36.8384,68.0395,306.178,55,12.2471,600.721,458.249,76.2832,240.203,58.5443,19.2162
1.12391,7.56668,4.11412,37.3752,68.5687,308.559,55,12.3424,605.393,461.975,76.3099,243.819,59.3974,19.5055
1.13177,7.52478,4.14593,37.9162,69.0989,310.945,55,12.4378,610.074,465.708,76.3363,247.465,60.2572,19.7972
1.13963,7.48277,4.1778,38.4614,69.63,313.335,55,12.5334,614.763,469.447,76.3622,251.14,61.1236,20.0912
1.14749,7.44067,4.20973,39.0107,70.1621,315.729,55,12.6292,619.461,473.193,76.3878,254.844,61.9966,20.3875
1.15535,7.39846,4.24171,39.5643,70.6952,318.128,55,12.7251,624.168,476.945,76.4129,258.578,62.8763,20.6862
1.16321,7.35615,4.27375,40.122,71.2292,320.531,55,12.8213,628.883,480.703,76.4377,262.341,63.7627,20.9873
1.17107,7.31374,4.30585,40.6839,71.7642,322.939,55,12.9176,633.607,484.469,76.4621,266.134,64.6557,21.2907
1.17893,7.27123,4.33802,41.2501,72.3003,325.351,55,13.014,638.339,488.24,76.486,269.957,65.5554,21.5965
1.18679,7.22862,4.37024,41.8204,72.8373,327.768,55,13.1107,643.081,492.019,76.5097,273.809,66.4619,21.9047
1.19465,7.18591,4.40252,42.395,73.3754,330.189,55,13.2076,647.831,495.804,76.5329,277.691,67.375,22.2153
1.20251,7.14311,4.43487,42.9738,73.9145,332.615,55,13.3046,652.591,499.596,76.5558,281.602,68.2949,22.5282
1.21037,7.1002,4.46727,43.5569,74.4546,335.046,55,13.4018,657.359,503.395,76.5783,285.544,69.2215,22.8435
1.21823,7.0572,4.49974,44.1442,74.9957,337.481,55,13.4992,662.137,507.2,76.6005,289.515,70.1548,23.1612
1.22609,7.0141,4.53228,44.7358,75.538,339.921,55,13.5968,666.925,511.013,76.6223,293.517,71.095,23.4813
1.23395,6.97091,4.56487,45.3316,76.0812,342.366,55,13.6946,671.721,514.833,76.6438,297.548,72.0419,23.8038
1.24181,6.92762,4.59754,45.9317,76.6256,344.815,55,13.7926,676.527,518.659,76.6649,301.609,72.9955,24.1288
1.24967,6.88423,4.63026,46.5361,77.171,347.27,55,13.8908,681.343,522.493,76.6858,305.701,73.956,24.4561
1.25753,6.84074,4.66305,47.1447,77.7175,349.729,55,13.9892,686.168,526.334,76.7063,309.823,74.9234,24.7858
1.26538,6.79716,4.69591,47.7577,78.2652,352.193,55,14.0877,691.003,530.182,76.7264,313.974,75.8975,25.118
1.27324,6.75349,4.72883,48.375,78.8139,354.663,55,14.1865,695.848,534.038,76.7463,318.157,76.8785,25.4525
1.2811,6.70972,4.76183,48.9966,79.3638,357.137,55,14.2855,700.703,537.9,76.7659,322.369,77.8664,25.7895
1.28896,6.66586,4.79489,49.6225,79.9148,359.616,55,14.3847,705.568,541.771,76.7851,326.612,78.8611,26.1289
1.29682,6.62191,4.82801,50.2528,80.4669,362.101,55,14.484,710.442,545.648,76.804,330.885,79.8627,26.4708
1.30468,6.57786,4.86121,50.8874,81.0202,364.591,55,14.5836,715.327,549.534,76.8227,335.189,80.8713,26.8151
1.31254,6.53371,4.89448,51.5264,81.5747,367.086,55,14.6834,720.223,553.427,76.8411,339.523,81.8867,27.1619
1.3204,6.48948,4.92782,52.1697,82.1303,369.586,55,14.7835,725.128,557.327,76.8591,343.888,82.9091,27.5111
1.32826,6.44515,4.96123,52.8174,82.6871,372.092,55,14.8837,730.045,561.236,76.8769,348.284,83.9384,27.8627
1.33612,6.40073,4.99471,53.4695,83.2452,374.603,55,14.9841,734.972,565.152,76.8944,352.71,84.9747,28.2168
1.34398,6.35622,5.02826,54.1259,83.8044,377.12,55,15.0848,739.909,569.077,76.9117,357.168,86.018,28.5734
1.35184,6.31162,5.06189,54.7868,84.3649,379.642,55,15.1857,744.857,573.009,76.9287,361.656,87.0683,28.9325
1.3597,6.26693,5.09559,55.4521,84.9266,382.17,55,15.2868,749.817,576.949,76.9454,366.175,88.1255,29.294
1.36756,6.22215,5.12937,56.1218,85.4895,384.703,55,15.3881,754.787,580.898,76.9618,370.725,89.1898,29.658
1.37542,6.17727,5.16322,56.7959,86.0537,387.242,55,15.4897,759.768,584.855,76.978,375.306,90.2611,30.0245
1.38328,6.13231,5.19715,57.4744,86.6192,389.786,55,15.5915,764.761,588.82,76.9939,379.918,91.3395,30.3935
1.39114,6.08726,5.23116,58.1575,87.186,392.337,55,15.6935,769.765,592.793,77.0096,384.562,92.425,30.7649
1.399,6.04211,5.26524,58.8449,87.7541,394.893,55,15.7957,774.781,596.776,77.0251,389.237,93.5175,31.1389
1.40686,5.99688,5.29941,59.5369,88.3235,397.456,55,15.8982,779.808,600.766,77.0403,393.943,94.6172,31.5154
1.41472,5.95156,5.33365,60.2333,88.8942,400.024,55,16.001,784.847,604.766,77.0553,398.68,95.724,31.8944
1.42258,5.90616,5.36798,60.9342,89.4663,402.598,55,16.1039,789.898,608.774,77.07,403.449,96.8379,32.2759
1.43043,5.86066,5.40238,61.6396,90.0397,405.179,55,16.2071,794.961,612.791,77.0845,408.249,97.9589,32.66
1.43829,5.81508,5.43687,62.3496,90.6145,407.765,55,16.3106,800.035,616.818,77.0988,413.082,99.0872,33.0465
1.44615,5.76941,5.47144,63.064,91.1907,410.358,55,16.4143,805.123,620.853,77.1128,417.945,100.223,33.4356
1.45401,5.72365,5.5061,63.783,91.7683,412.957,55,16.5183,810.222,624.897,77.1267,422.841,101.365,33.8273
1.46187,5.67781,5.54084,64.5065,92.3473,415.563,55,16.6225,815.334,628.951,77.1403,427.768,102.515,34.2215
1.46973,5.63188,5.57567,65.2346,92.9278,418.175,55,16.727,820.459,633.015,77.1537,432.727,103.672,34.6182
1.47759,5.58586,5.61058,65.9673,93.5097,420.794,55,16.8317,825.597,637.088,77.1669,437.719,104.837,35.0175
1.48545,5.53976,5.64558,66.7045,94.0931,423.419,55,16.9368,830.748,641.17,77.1799,442.742,106.008,35.4193
1.49331,5.49357,5.68068,67.4463,94.6779,426.051,55,17.042,835.911,645.262,77.1927,447.797,107.187,35.8238
1.50117,5.4473,5.71586,68.1928,95.2643,428.689,55,17.1476,841.088,649.365,77.2053,452.885,108.373,36.2308
1.50903,5.40094,5.75113,68.9438,95.8522,431.335,55,17.2534,846.279,653.477,77.2177,458.005,109.567,36.6404
1.51689,5.3545,5.7865,69.6995,96.4416,433.987,55,17.3595,851.483,657.599,77.2299,463.157,110.768,37.0526
1.52475,5.30798,5.82196,70.4598,97.0326,436.647,55,17.4659,856.701,661.732,77.2419,468.342,111.976,37.4673
1.53261,5.26137,5.85751,71.2247,97.6252,439.313,55,17.5725,861.933,665.875,77.2537,473.559,113.192,37.8847
1.54047,5.21467,5.89316,71.9944,98.2193,441.987,55,17.6795,867.179,670.028,77.2653,478.809,114.415,38.3047
1.54833,5.16789,5.92891,72.7687,98.8151,444.668,55,17.7867,872.439,674.193,77.2768,484.091,115.645,38.7273
1.55619,5.12103,5.96475,73.5477,99.4125,447.356,55,17.8943,877.713,678.368,77.2881,489.406,116.883,39.1525
1.56405,5.07409,6.0007,74.3313,100.012,450.052,55,18.0021,883.003,682.554,77.2992,494.754,118.129,39.5803
1.57191,5.02706,6.03674,75.1197,100.612,452.756,55,18.1102,888.307,686.751,77.3101,500.135,119.382,40.0108
1.57977,4.97996,6.07289,75.9129,101.215,455.467,55,18.2187,893.626,690.959,77.3209,505.549,120.642,40.444
1.58763,4.93277,6.10914,76.7108,101.819,458.186,55,18.3274,898.96,695.179,77.3315,510.997,121.91,40.8797
1.59548,4.88549,6.1455,77.5134,102.425,460.912,55,18.4365,904.31,699.41,77.3419,516.477,123.186,41.3182
1.60334,4.83814,6.18196,78.3208,103.033,463.647,55,18.5459,909.675,703.653,77.3522,521.991,124.469,41.7593
1.6112,4.7907,6.21853,79.133,103.642,466.39,55,18.6556,915.057,707.908,77.3623,527.538,125.76,42.203
1.61906,4.74319,6.25521,79.95,104.253,469.141,55,18.7656,920.454,712.175,77.3722,533.118,127.058,42.6495
1.62692,4.69559,6.292,80.7717,104.867,471.9,55,18.876,925.867,716.455,77.382,538.733,128.364,43.0986
1.63478,4.64791,6.3289,81.5984,105.482,474.667,55,18.9867,931.298,720.746,77.3916,544.381,129.678,43.5504
1.64264,4.60015,6.36591,82.4298,106.099,477.444,55,19.0977,936.744,725.051,77.4011,550.062,130.999,44.005
1.6505,4.55232,6.40305,83.2661,106.717,480.228,55,19.2091,942.208,729.368,77.4105,555.778,132.328,44.4622
1.65836,4.5044,6.44029,84.1073,107.338,483.022,55,19.3209,947.689,733.698,77.4197,561.527,133.665,44.9222
1.66622,4.4564,6.47766,84.9534,107.961,485.824,55,19.433,953.188,738.041,77.4287,567.311,135.01,45.3849
1.67408,4.40833,6.51515,85.8044,108.586,488.636,55,19.5454,958.704,742.397,77.4376,573.129,136.362,45.8503
1.68194,4.36017,6.55275,86.6603,109.213,491.457,55,19.6583,964.238,746.767,77.4464,578.981,137.722,46.3185
1.6898,4.31193,6.59049,87.5211,109.841,494.287,55,19.7715,969.79,751.151,77.455,584.867,139.09,46.7894
1.69766,4.26362,6.62835,88.3869,110.472,497.126,55,19.885,975.361,755.549,77.4635,590.788,140.466,47.263
1.70552,4.21523,6.66633,89.2576,111.106,499.975,55,19.999,980.951,759.961,77.4719,596.744,141.85,47.7395
1.71338,4.16676,6.70445,90.1334,111.741,502.834,55,20.1134,986.56,764.388,77.4801,602.734,143.242,48.2187
1.72124,4.11821,6.7427,91.0141,112.378,505.703,55,20.2281,992.188,768.829,77.4882,608.759,144.641,48.7007
1.7291,4.06959,6.78108,91.8999,113.018,508.581,55,20.3433,997.836,773.285,77.4962,614.819,146.049,49.1855
1.73696,4.02089,6.8196,92.7907,113.66,511.47,55,20.4588,1003.5,777.757,77.5041,620.915,147.465,49.6732
1.74482,3.97211,6.85826,93.6865,114.304,514.37,55,20.5748,1009.19,782.244,77.5118,627.045,148.888,50.1636
1.75268,3.92325,6.89706,94.5874,114.951,517.279,55,20.6912,1014.9,786.746,77.5194,633.211,150.32,50.6569
1.76054,3.87432,6.936,95.4934,115.6,520.2,55,20.808,1020.63,791.265,77.5269,639.412,151.76,51.153
1.76839,3.82531,6.97509,96.4046,116.251,523.132,55,20.9253,1026.38,795.8,77.5343,645.649,153.208,51.6519
1.77625,3.77622,7.01432,97.3208,116.905,526.074,55,21.043,1032.16,800.351,77.5416,651.921,154.664,52.1537
1.78411,3.72706,7.05371,98.2422,117.562,529.028,55,21.1611,1037.95,804.92,77.5487,658.23,156.128,52.6584
1.79197,3.67782,7.09325,99.1688,118.221,531.994,55,21.2798,1043.77,809.505,77.5557,664.574,157.601,53.1659
1.79983,3.6285,7.13295,100.101,118.882,534.971,55,21.3988,1049.61,814.108,77.5627,670.954,159.082,53.6763
1.80769,3.57912,7.1728,101.038,119.547,537.96,55,21.5184,1055.48,818.729,77.5695,677.371,160.571,54.1897
1.81555,3.52965,7.21282,101.98,120.214,540.962,55,21.6385,1061.37,823.368,77.5762,683.824,162.068,54.7059
1.82341,3.48011,7.253,102.927,120.883,543.975,55,21.759,1067.28,828.025,77.5828,690.314,163.574,55.2251
1.83127,3.4305,7.29335,103.88,121.556,547.002,55,21.8801,1073.22,832.702,77.5893,696.84,165.088,55.7472
1.83913,3.38081,7.33388,104.838,122.231,550.041,55,22.0016,1079.18,837.398,77.5957,703.403,166.611,56.2722
1.84699,3.33104,7.37457,105.801,122.91,553.093,55,22.1237,1085.17,842.113,77.602,710.003,168.142,56.8003
1.85485,3.28121,7.41545,106.77,123.591,556.159,55,22.2464,1091.18,846.848,77.6082,716.64,169.681,57.3312
1.86271,3.2313,7.45651,107.744,124.275,559.238,55,22.3695,1097.23,851.604,77.6144,723.315,171.229,57.8652
1.87057,3.18131,7.49775,108.723,124.963,562.331,55,22.4933,1103.29,856.381,77.6204,730.027,172.786,58.4021
1.87843,3.13125,7.53919,109.708,125.653,565.439,55,22.6176,1109.39,861.179,77.6263,736.776,174.351,58.9421
1.88629,3.08112,7.58081,110.699,126.347,568.561,55,22.7424,1115.52,865.999,77.6321,743.564,175.924,59.4851
1.89415,3.03091,7.62264,111.694,127.044,571.698,55,22.8679,1121.67,870.841,77.6379,750.389,177.507,60.0311
1.90201,2.98064,7.66467,112.696,127.744,574.85,55,22.994,1127.86,875.707,77.6435,757.253,179.098,60.5802
1.90987,2.93029,7.7069,113.702,128.448,578.018,55,23.1207,1134.07,880.595,77.6491,764.155,180.698,61.1324
1.91773,2.87986,7.74935,114.715,129.156,581.201,55,23.248,1140.32,885.507,77.6545,771.095,182.307,61.6876
1.92559,2.82937,7.79201,115.733,129.867,584.401,55,23.376,1146.59,890.444,77.6599,778.074,183.925,62.2459
1.93344,2.7788,7.8349,116.756,130.582,587.617,55,23.5047,1152.9,895.406,77.6652,785.092,185.551,62.8074
1.9413,2.72816,7.87801,117.785,131.3,590.851,55,23.634,1159.25,900.394,77.6704,792.149,187.187,63.3719
1.94916,2.67745,7.92135,118.82,132.023,594.101,55,23.7641,1165.63,905.408,77.6756,799.246,188.831,63.9396
1.95702,2.62666,7.96494,119.861,132.749,597.37,55,23.8948,1172.04,910.449,77.6806,806.381,190.485,64.5105
1.96488,2.57581,8.00876,120.907,133.479,600.657,55,24.0263,1178.49,915.517,77.6856,813.557,192.147,65.0846
1.97274,2.52488,8.05284,121.959,134.214,603.963,55,24.1585,1184.98,920.614,77.6905,820.773,193.819,65.6618
1.9806,2.47388,8.09718,123.017,134.953,607.289,55,24.2915,1191.5,925.74,77.6954,828.028,195.5,66.2423
1.98846,2.42282,8.14178,124.08,135.696,610.634,55,24.4254,1198.06,930.897,77.7001,835.324,197.191,66.826
1.99632,2.37168,8.18666,125.15,136.444,613.999,55,24.56,1204.67,936.084,77.7048,842.661,198.89,67.4129
2.00418,2.32047,8.23181,126.225,137.197,617.386,55,24.6954,1211.31,941.303,77.7094,850.039,200.599,68.0031
2.01204,2.26919,8.27726,127.306,137.954,620.794,55,24.8318,1218,946.554,77.7139,857.458,202.318,68.5966
2.0199,2.21784,8.323,128.393,138.717,624.225,55,24.969,1224.73,951.84,77.7184,864.918,204.045,69.1934
2.02776,2.16642,8.36904,129.487,139.484,627.678,55,25.1071,1231.5,957.16,77.7228,872.42,205.783,69.7936
2.03562,2.11493,8.4154,130.586,140.257,631.155,55,25.2462,1238.33,962.515,77.7271,879.964,207.53,70.3971
2.04348,2.06337,8.46209,131.691,141.035,634.657,55,25.3863,1245.2,967.908,77.7314,887.55,209.287,71.004
2.05134,2.01174,8.50912,132.803,141.819,638.184,55,25.5273,1252.12,973.339,77.7355,895.179,211.053,71.6143
2.0592,1.96004,8.55649,133.921,142.608,641.737,55,25.6695,1259.09,978.81,77.7397,902.85,212.829,72.228
2.06706,1.90828,8.60422,135.045,143.404,645.316,55,25.8127,1266.11,984.322,77.7437,910.565,214.616,72.8452
2.07492,1.85644,8.65232,136.175,144.205,648.924,55,25.957,1273.19,989.876,77.7477,918.323,216.412,73.4658
2.08278,1.80453,8.70081,137.311,145.014,652.561,55,26.1024,1280.32,995.474,77.7517,926.125,218.218,74.09
2.09064,1.75256,8.7497,138.454,145.828,656.228,55,26.2491,1287.52,1001.12,77.7555,933.971,220.035,74.7177
2.09849,1.70052,8.79901,139.604,146.65,659.926,55,26.397,1294.77,1006.81,77.7593,941.862,221.861,75.3489
2.10635,1.64841,8.84876,140.76,147.479,663.657,55,26.5463,1302.09,1012.55,77.7631,949.797,223.698,75.9838
2.11421,1.59623,8.89895,141.922,148.316,667.421,55,26.6968,1309.48,1018.34,77.7668,957.778,225.545,76.6223
2.12207,1.54398,8.94961,143.091,149.16,671.221,55,26.8488,1316.94,1024.19,77.7704,965.805,227.403,77.2644
2.12993,1.49167,9.00077,144.267,150.013,675.058,55,27.0023,1324.46,1030.09,77.774,973.878,229.272,77.9102
2.13779,1.43929,9.05244,145.449,150.874,678.933,55,27.1573,1332.07,1036.05,77.7775,981.997,231.151,78.5598
2.14565,1.38684,9.10465,146.638,151.744,682.848,55,27.3139,1339.75,1042.07,77.781,990.164,233.041,79.2131
2.15351,1.33432,9.15742,147.834,152.624,686.807,55,27.4723,1347.51,1048.16,77.7844,998.378,234.941,79.8702
2.16137,1.28174,9.21079,149.038,153.513,690.809,55,27.6324,1355.37,1054.31,77.7878,1006.64,236.853,80.5312
2.16923,1.22909,9.26478,150.248,154.413,694.859,55,27.7944,1363.31,1060.54,77.7911,1014.95,238.776,81.1961
2.17709,1.17637,9.31944,151.465,155.324,698.958,55,27.9583,1371.36,1066.84,77.7944,1023.31,240.711,81.8649
2.18495,1.12359,9.3748,152.689,156.247,703.11,55,28.1244,1379.5,1073.22,77.7976,1031.72,242.657,82.5377
2.19281,1.07074,9.4309,153.921,157.182,707.317,55,28.2927,1387.76,1079.68,77.8007,1040.18,244.614,83.2145
2.20067,1.01782,9.48779,155.16,158.13,711.584,55,28.4634,1396.13,1086.24,77.8038,1048.69,246.583,83.8954
2.20853,0.964839,9.54553,156.407,159.092,715.915,55,28.6366,1404.62,1092.89,77.8069,1057.26,248.564,84.5805
2.21639,0.91179,9.60417,157.661,160.069,720.313,55,28.8125,1413.25,1099.65,77.8099,1065.87,250.558,85.2698
2.22425,0.858675,9.66379,158.923,161.063,724.784,55,28.9914,1422.03,1106.52,77.8129,1074.54,252.563,85.9634
2.23211,0.805495,9.72446,160.193,162.074,729.334,55,29.1734,1430.95,1113.51,77.8158,1083.27,254.581,86.6613
2.23997,0.752249,9.78627,161.471,163.105,733.97,55,29.3588,1440.05,1120.63,77.8187,1092.05,256.612,87.3637
2.24783,0.698937,9.84934,162.757,164.156,738.7,55,29.548,1449.33,1127.89,77.8215,1100.88,258.656,88.0706
2.25569,0.64556,9.91377,164.051,165.23,743.533,55,29.7413,1458.81,1135.31,77.8243,1109.78,260.713,88.7821
2.26355,0.592119,9.97974,165.354,166.329,748.48,55,29.9392,1468.52,1142.9,77.827,1118.73,262.784,89.4983
2.2714,0.538612,10.0474,166.666,167.457,753.555,55,30.1422,1478.48,1150.69,77.8297,1127.74,264.868,90.2194
2.27926,0.48504,10.117,167.986,168.617,758.774,55,30.351,1488.72,1158.7,77.8324,1136.82,266.967,90.9454
2.28712,0.431403,10.1888,169.316,169.813,764.159,55,30.5664,1499.28,1166.96,77.835,1145.96,269.081,91.6765
2.29498,0.377702,10.2631,170.656,171.052,769.736,55,30.7894,1510.22,1175.52,77.8375,1155.16,271.21,92.413
2.30284,0.323937,10.3406,172.005,172.343,775.542,55,31.0217,1521.61,1184.42,77.8401,1164.44,273.354,93.1549
2.3107,0.270107,10.4217,173.365,173.695,781.626,55,31.265,1533.55,1193.76,77.8426,1173.78,275.515,93.9026
2.31856,0.216214,10.5075,174.736,175.125,788.064,55,31.5225,1546.18,1203.63,77.845,1183.2,277.694,94.6562
2.32642,0.162256,10.5997,176.118,176.661,794.974,55,31.799,1559.74,1214.22,77.8474,1192.7,279.891,95.4164
2.33428,0.108234,10.701,177.513,178.35,802.576,55,32.103,1574.65,1225.87,77.8498,1202.29,282.108,96.1835
2.34214,0.0541489,10.8185,178.923,180.308,811.386,55,32.4555,1591.94,1239.36,77.8522,1211.98,284.348,96.9585
2.35,0,11,180.352,183.333,825,55,33,1618.65,1260.19,77.8545,1221.8,286.619,97.7443
